CREATE DATABASE ORG;
USE ORG;
CREATE TABLE Worker (
WORKER_ID INT NOT NULL PRIMARY KEY AUTO_INCREMENT,
FIRST_NAME CHAR(25),
LAST_NAME CHAR(25),
SALARY INT(15),
JOINING_DATE DATETIME,
DEPARTMENT CHAR(25)
);

INSERT INTO Worker
(WORKER_ID, FIRST_NAME, LAST_NAME, SALARY, JOINING_DATE,
DEPARTMENT) VALUES
(001, 'Monika', 'Arora', 100000, '14-02-20 09.00.00', 'HR'),
(002, 'Niharika', 'Verma', 80000, '14-06-11 09.00.00', 'Admin'),
(003, 'Vishal', 'Singhal', 300000, '14-02-20 09.00.00', 'HR'),
(004, 'Amitabh', 'Singh', 500000, '14-02-20 09.00.00', 'Admin'),
(005, 'Vivek', 'Bhati', 500000, '14-06-11 09.00.00', 'Admin'),
(006, 'Vipul', 'Diwan', 200000, '14-06-11 09.00.00', 'Account'),
(007, 'Satish', 'Kumar', 75000, '14-01-20 09.00.00', 'Account'),
(008, 'Geetika', 'Chauhan', 90000, '14-04-11 09.00.00', 'Admin');
CREATE TABLE Bonus (
WORKER_REF_ID INT,
BONUS_AMOUNT INT(10),
BONUS_DATE DATETIME,
FOREIGN KEY (WORKER_REF_ID)
REFERENCES Worker(WORKER_ID)
 ON DELETE CASCADE
);
INSERT INTO Bonus
(WORKER_REF_ID, BONUS_AMOUNT, BONUS_DATE) VALUES
(001, 5000, '16-02-20'),
(002, 3000, '16-06-11'),
(003, 4000, '16-02-20'),
(001, 4500, '16-02-20'),
(002, 3500, '16-06-11');
CREATE TABLE Title (
WORKER_REF_ID INT,
WORKER_TITLE CHAR(25),
AFFECTED_FROM DATETIME,
FOREIGN KEY (WORKER_REF_ID)
REFERENCES Worker(WORKER_ID)
 ON DELETE CASCADE
);
INSERT INTO Title
(WORKER_REF_ID, WORKER_TITLE, AFFECTED_FROM) VALUES
 (001, 'Manager', '2016-02-20 00:00:00'),
 (002, 'Executive', '2016-06-11 00:00:00'),
 (008, 'Executive', '2016-06-11 00:00:00'),
 (005, 'Manager', '2016-06-11 00:00:00'),
 (004, 'Asst. Manager', '2016-06-11 00:00:00'),
 (007, 'Executive', '2016-06-11 00:00:00'),
 (006, 'Lead', '2016-06-11 00:00:00'),
 (003, 'Lead', '2016-06-11 00:00:00');







-- Answers
1.SELECT FIRST_NAME AS WORKER_NAME FROM WORKER;
2.SELECT UPPER(FIRST_NAME) FROM worker;
3.SELECT DISTINCT DEPARTMENT FROM worker;
4.SELECT SUBSTRING(FIRST_NAME,1,3) FROM WORKER; 
-- SUBSTRING(COLUMN_NAME,START_POINT,LENGTH) FROM TABLE_NAME

11.SELECT * FROM WORKER ORDER BY FIRST_NAME ASC;
12.SELECT * FROM WORKER ORDER BY FIRST_NAME asc,DEPARTMENT desc ;
13.SELECT * FROM WORKER WHERE FIRST_NAME='Vipul' OR FIRST_NAME='Satish' ;
14.SELECT * FROM WORKER WHERE FIRST_NAME NOT IN('Vipul','Satish') ;
15.SELECT * FROM WORKER WHERE DEPARTMENT='Admin';
16.SELECT * FROM WORKER WHERE FIRST_NAME LIKE '%a%' ;
17.SELECT * FROM WORKER WHERE FIRST_NAME LIKE '%a';
18.SELECT * FROM WORKER WHERE FIRST_NAME LIKE '%______h';
19.SELECT * FROM WORKER WHERE SALARY BETWEEN 10000 AND 500000;

5.PENDING
6.SELECT RTRIM(FIRST_NAME) AS FIRST_NAME FROM WORKER;
7.SELECT LTRIM(DEPARTMENT) AS DEPARTMENT FROM WORKER;
8.SELECT DISTINCT  DEPARTMENT,LENGTH(DEPARTMENT)  FROM WORKER;
9.SELECT REPLACE(FIRST_NAME, 'a','A') FROM WORKER;
10.SELECT CONCAT(FIRST_NAME, ' ',LAST_NAME) AS 'COMPLETE_NAME' FROM WORKER;

20.SELECT * FROM WORKER WHERE year(JOINING_DATE)=2014 AND month(JOINING_DATE)=2;

21.SELECT  COUNT(*) FROM WORKER WHERE DEPARTMENT='Admin';
22.SELECT  CONCAT(FIRST_NAME,' ',LAST_NAME),SALARY AS 'WORKER_NAME' FROM WORKER WHERE SALARY between 50000 AND 100000;
23.SELECT DEPARTMENT, COUNT(WORKER_ID)NO_OF_WORKERS FROM WORKER ORDER BY NO_OF_WORKERS desc;
24.SELECT  W.FIRST_NAME,W.LAST_NAME, T.WORKER_TITLE 
FROM WORKER W  JOIN TITLE T
 ON WORKER_ID=WORKER_REF_ID AND T.WORKER_TITLE IN ('Manager');

25. PENDING
26. SELECT * FROM Worker WHERE MOD (WORKER_ID, 2) <> 0;
27. SELECT * FROM Worker WHERE MOD (WORKER_ID, 2) = 0;
28.CREATE  TABLE CLONE select * from  WORKER;
SELECT * FROM CLONE;

29.SELECT WORKER_ID FROM WORKER INTERSECT SELECT WORKER_REF_ID FROM TITLE; PENDING mysql
-- mysql:
-- SELECT *, WORKER.WORKER_ID FROM WORKER where WORKER.WORKER_ID  IN 
-- (SELECT WORKER_REF_ID FROM TITLE);
-- SELECT *, TITLE.WORKER_REF_ID FROM TITLE where TITLE.WORKER_REF_ID  IN 
-- (SELECT WORKER_ID FROM WORKER);
30.SELECT * FROM WORKER MINUS TITLE PENDING mysql
-- SELECT * FROM WORKER  JOIN TITLE ON WORKER_REF_ID where WORKER_ID is NOT Null; NOT RIGHT
31.SELECT current_date();
32.SELECT now();

33.PENDING
34.PENDING

35.SELECT DISTINCT W1.FIRST_NAME, W1.LAST_NAME,W1.SALARY, W1.DEPARTMENT 
from WORKER W1, WORKER W2 where W1.SALARY=W2.SALARY AND W1.WORKER_ID!=W2.WORKER_ID;

36.SELECT max(SALARY) FROM WORKER where Salary not in (Select max(Salary) from Worker );
SELECT max(SALARY) FROM WORKER where Salary < (Select max(Salary) from Worker );

37.SELECT  W1.FIRST_NAME, W1.LAST_NAME,W1.SALARY, W1.DEPARTMENT 
from WORKER W1, WORKER W2 where W1.FIRST_NAME=W2.FIRST_NAME;

SELECT  W1.FIRST_NAME, W1.DEPARTMENT from WORKER W1
UNION ALL SELECT  W2.FIRST_NAME, W2.DEPARTMENT from WORKER W2;
38. same as 29
39.

40.SELECT DEPARTMENT,COUNT(DEPARTMENT)  FROM WORKER GROUP BY DEPARTMENT HAVING COUNT(DEPARTMENT)<5;
41.SELECT DEPARTMENT,COUNT(DEPARTMENT)  FROM WORKER GROUP BY DEPARTMENT;	


42. Select * from Worker where WORKER_ID = (SELECT max(WORKER_ID) from Worker);
43.Select * from Worker where WORKER_ID = (SELECT max(WORKER_ID) from Worker);

44.
45.
46.
47.
48.
49.
50.SELECT FIRST_NAME,LAST_NAME FROM WORKER HAVING MAX(SALARY);   
-- DOUBTFUL ABOVE
SELECT SALARY,FIRST_NAME,LAST_NAME FROM WORKER HAVING MAX(SALARY) ;
SELECT SALARY,FIRST_NAME,LAST_NAME FROM WORKER WHERE SALARY=(SELECT max(SALARY) from Worker);